[Header],,,,,,,
IEMFileVersion,4,,,,,,
Investigator Name,AM,,,,,,
Experiment Name,AM_NN,,,,,,
Date,NN/NN/NNNN,,,,,,
Workflow,GenerateFASTQ,,,,,,
Application,FASTQ Only,,,,,,
Assay,Fluidigm AA 384,,,,,,
Description,,,,,,,
Chemistry,Amplicon,,,,,,
,,,,,,,
[Reads],,,,,,,
151,,,,,,,
151,,,,,,,
,,,,,,,
[Settings],,,,,,,
CustomRead1PrimerMix,C1,,,,,,
CustomIndexPrimerMix,C2,,,,,,
CustomRead2PrimerMix,C3,,,,,,
FilterPCRDuplicates,0,,,,,,
ReverseComplement,0,,,,,,
VariantFilterQualityCutoff,30,,,,,,
Adapter,AGATCGGAAGAGCACACGTCTGAACTCCAGTCA,,,,,,
Read1StartFromCycle,7,,,,,,
Read2StartFromCycle,7,,,,,,
Read1UMILength,6,,,,,,
Read2UMILength,6,,,,,,
Read1UMIStartFromCycle,1,,,,,,
Read2UMIStartFromCycle,1,,,,,,
,,,,,,,
[Data],,,,,,,
Sample_ID,Sample_Name,Sample_Plate,Sample_Well,I7_Index_ID,index,Sample_Project,Description
Well_1,Well_1,,,Index_1_TARGET,GTATCGTCGT,,
Well_2,Well_2,,,Index_2_TARGET,GTGTATGCGT,,
Well_3,Well_3,,,Index_3_TARGET,TGCTCGTAGT,,
Well_4,Well_4,,,Index_4_TARGET,GTCGTCGTCT,,
Well_5,Well_5,,,Index_5_TARGET,GTGCGTGTGT,,
Well_6,Well_6,,,Index_6_TARGET,GCGTCGTGTA,,
Well_7,Well_7,,,Index_7_TARGET,GTCGTGTACT,,
Well_8,Well_8,,,Index_8_TARGET,GATGTAGCGT,,
Well_9,Well_9,,,Index_9_TARGET,GAGTGATCGT,,
Well_10,Well_10,,,Index_10_TARGET,CGCTATCAGT,,
Well_11,Well_11,,,Index_11_TARGET,CGCTGTAGTC,,
Well_12,Well_12,,,Index_12_TARGET,GCTAGTGAGT,,
Well_13,Well_13,,,Index_13_TARGET,GAGCTAGTGA,,
Well_14,Well_14,,,Index_14_TARGET,CGTGCTGTCA,,
Well_15,Well_15,,,Index_15_TARGET,GATCGTCTCT,,
Well_16,Well_16,,,Index_16_TARGET,GTGCTGTCGT,,
Well_17,Well_17,,,Index_17_TARGET,TGAGCGTGCT,,
Well_18,Well_18,,,Index_18_TARGET,CATGTCGTCA,,
Well_19,Well_19,,,Index_19_TARGET,TCAGTGTCTC,,
Well_20,Well_20,,,Index_20_TARGET,GTGCTCATGT,,
Well_21,Well_21,,,Index_21_TARGET,CGTATCTCGA,,
Well_22,Well_22,,,Index_22_TARGET,GTCATGCGTC,,
Well_23,Well_23,,,Index_23_TARGET,CTATGCGATC,,
Well_24,Well_24,,,Index_24_TARGET,TGCTATGCTG,,
Well_25,Well_25,,,Index_25_TARGET,TGTGTGCATG,,
Well_26,Well_26,,,Index_26_TARGET,GAGTGTCACT,,
Well_27,Well_27,,,Index_27_TARGET,CTAGTCTCGT,,
Well_28,Well_28,,,Index_28_TARGET,GAGTGCATCT,,
Well_29,Well_29,,,Index_29_TARGET,TGCGTAGTCG,,
Well_30,Well_30,,,Index_30_TARGET,CTGTGTCGTC,,
Well_31,Well_31,,,Index_31_TARGET,CTGTAGTGCG,,
Well_32,Well_32,,,Index_32_TARGET,GTGCGCTAGT,,
Well_33,Well_33,,,Index_33_TARGET,TGTGCTCGCA,,
Well_34,Well_34,,,Index_34_TARGET,GATGCGAGCT,,
Well_35,Well_35,,,Index_35_TARGET,CTGTACGTGA,,
Well_36,Well_36,,,Index_36_TARGET,GCGATGATGA,,
Well_37,Well_37,,,Index_37_TARGET,TGTCGAGTCA,,
Well_38,Well_38,,,Index_38_TARGET,GTCTACTGTC,,
Well_39,Well_39,,,Index_39_TARGET,CAGTCAGAGT,,
Well_40,Well_40,,,Index_40_TARGET,CGCAGTCTAT,,
Well_41,Well_41,,,Index_41_TARGET,GTATGAGCAC,,
Well_42,Well_42,,,Index_42_TARGET,CGAGTGCTGT,,
Well_43,Well_43,,,Index_43_TARGET,TATAGCACGC,,
Well_44,Well_44,,,Index_44_TARGET,TCATGCGCGA,,
Well_45,Well_45,,,Index_45_TARGET,TATGCGCTGC,,
Well_46,Well_46,,,Index_46_TARGET,TCTCTGTGCA,,
Well_47,Well_47,,,Index_47_TARGET,CTATCGCGTG,,
Well_48,Well_48,,,Index_48_TARGET,TACGCTGCTG,,
Well_49,Well_49,,,Index_49_TARGET,CTGCATGATC,,
Well_50,Well_50,,,Index_50_TARGET,CGCGTATCAT,,
Well_51,Well_51,,,Index_51_TARGET,GTATCTCTCG,,
Well_52,Well_52,,,Index_52_TARGET,GCTCATATGC,,
Well_53,Well_53,,,Index_53_TARGET,CACTATGTCG,,
Well_54,Well_54,,,Index_54_TARGET,TAGCGCGTAG,,
Well_55,Well_55,,,Index_55_TARGET,CGTCACAGTA,,
Well_56,Well_56,,,Index_56_TARGET,TCGCGTGAGA,,
Well_57,Well_57,,,Index_57_TARGET,TACATCGCTG,,
Well_58,Well_58,,,Index_58_TARGET,GTGAGAGACA,,
Well_59,Well_59,,,Index_59_TARGET,GACTGTACGT,,
Well_60,Well_60,,,Index_60_TARGET,GCACGTAGCT,,
Well_61,Well_61,,,Index_61_TARGET,TCACGCTATG,,
Well_62,Well_62,,,Index_62_TARGET,CGTACTACGT,,
Well_63,Well_63,,,Index_63_TARGET,CAGCTGAGTA,,
Well_64,Well_64,,,Index_64_TARGET,GAGATCAGTC,,
Well_65,Well_65,,,Index_65_TARGET,TACTGAGCTG,,
Well_66,Well_66,,,Index_66_TARGET,TAGTAGCGCG,,
Well_67,Well_67,,,Index_67_TARGET,GACGTCTGCT,,
Well_68,Well_68,,,Index_68_TARGET,GTACTCGCGA,,
Well_69,Well_69,,,Index_69_TARGET,TCTGAGCGCA,,
Well_70,Well_70,,,Index_70_TARGET,TAGACGTGCT,,
Well_71,Well_71,,,Index_71_TARGET,GTGACTCGTC,,
Well_72,Well_72,,,Index_72_TARGET,TCGAGTAGCG,,
Well_73,Well_73,,,Index_73_TARGET,CGTATGATGT,,
Well_74,Well_74,,,Index_74_TARGET,TAGTCTGTCA,,
Well_75,Well_75,,,Index_75_TARGET,TGTCTCTATC,,
Well_76,Well_76,,,Index_76_TARGET,CTAGAGTATC,,
Well_77,Well_77,,,Index_77_TARGET,TATCATGTGC,,
Well_78,Well_78,,,Index_78_TARGET,CATGAGTGTA,,
Well_79,Well_79,,,Index_79_TARGET,TGTCGTCATA,,
Well_80,Well_80,,,Index_80_TARGET,TATCTCATGC,,
Well_81,Well_81,,,Index_81_TARGET,TGTGTCACTA,,
Well_82,Well_82,,,Index_82_TARGET,TATCGATGCT,,
Well_83,Well_83,,,Index_83_TARGET,TAGAGTCTGT,,
Well_84,Well_84,,,Index_84_TARGET,CATGCATCAT,,
Well_85,Well_85,,,Index_85_TARGET,TGATCAGTCA,,
Well_86,Well_86,,,Index_86_TARGET,CGTCTATGAT,,
Well_87,Well_87,,,Index_87_TARGET,GTGATACTGA,,
Well_88,Well_88,,,Index_88_TARGET,CTAGATCTGA,,
Well_89,Well_89,,,Index_89_TARGET,TATCAGTCTG,,
Well_90,Well_90,,,Index_90_TARGET,TCAGATGCTA,,
Well_91,Well_91,,,Index_91_TARGET,TATGTACGTG,,
Well_92,Well_92,,,Index_92_TARGET,CTATACAGTG,,
Well_93,Well_93,,,Index_93_TARGET,TGATACTCTG,,
Well_94,Well_94,,,Index_94_TARGET,TCAGCGATAT,,
Well_95,Well_95,,,Index_95_TARGET,CTACTGATGA,,
Well_96,Well_96,,,Index_96_TARGET,GTAGTACACA,,
Well_97,Well_97,,,Index_97_TARGET,TGCTACATCA,,
Well_98,Well_98,,,Index_98_TARGET,AGTGTGTCTA,,
Well_99,Well_99,,,Index_99_TARGET,TCATATCGCG,,
Well_100,Well_100,,,Index_100_TARGET,TACGTATAGC,,
Well_101,Well_101,,,Index_101_TARGET,CAGCTATAGC,,
Well_102,Well_102,,,Index_102_TARGET,TCGATGCGCT,,
Well_103,Well_103,,,Index_103_TARGET,GCACGCGTAT,,
Well_104,Well_104,,,Index_104_TARGET,GCAGTATGCG,,
Well_105,Well_105,,,Index_105_TARGET,TGATAGAGAG,,
Well_106,Well_106,,,Index_106_TARGET,GCTACTAGCG,,
Well_107,Well_107,,,Index_107_TARGET,TGCGAGACGT,,
Well_108,Well_108,,,Index_108_TARGET,CGATGACAGA,,
Well_109,Well_109,,,Index_109_TARGET,GACTCATGCT,,
Well_110,Well_110,,,Index_110_TARGET,GTCTGATACG,,
Well_111,Well_111,,,Index_111_TARGET,ACTAGCTGTC,,
Well_112,Well_112,,,Index_112_TARGET,GCGTAGACGA,,
Well_113,Well_113,,,Index_113_TARGET,CTCAGCAGTG,,
Well_114,Well_114,,,Index_114_TARGET,CAGTCTACAT,,
Well_115,Well_115,,,Index_115_TARGET,TACTGCAGCG,,
Well_116,Well_116,,,Index_116_TARGET,TACACAGTAG,,
Well_117,Well_117,,,Index_117_TARGET,CACATACAGT,,
Well_118,Well_118,,,Index_118_TARGET,CACAGTGATG,,
Well_119,Well_119,,,Index_119_TARGET,CGAGCTAGCA,,
Well_120,Well_120,,,Index_120_TARGET,GAGACTATGC,,
Well_121,Well_121,,,Index_121_TARGET,CAGAGCTAGT,,
Well_122,Well_122,,,Index_122_TARGET,CGCAGAGCAT,,
Well_123,Well_123,,,Index_123_TARGET,TGTACAGCGA,,
Well_124,Well_124,,,Index_124_TARGET,ACGTCAGTAT,,
Well_125,Well_125,,,Index_125_TARGET,TCACAGCATA,,
Well_126,Well_126,,,Index_126_TARGET,ACTGCGTGTC,,
Well_127,Well_127,,,Index_127_TARGET,CGATCGACTG,,
Well_128,Well_128,,,Index_128_TARGET,GCGAGATGTA,,
Well_129,Well_129,,,Index_129_TARGET,CTGATGCAGA,,
Well_130,Well_130,,,Index_130_TARGET,GTGACGTACG,,
Well_131,Well_131,,,Index_131_TARGET,CGACGCTGAT,,
Well_132,Well_132,,,Index_132_TARGET,CTACGATCAG,,
Well_133,Well_133,,,Index_133_TARGET,GCACTAGACA,,
Well_134,Well_134,,,Index_134_TARGET,CTAGCAGATG,,
Well_135,Well_135,,,Index_135_TARGET,CATGATACGC,,
Well_136,Well_136,,,Index_136_TARGET,GCAGCTGTCA,,
Well_137,Well_137,,,Index_137_TARGET,ACGTATCATC,,
Well_138,Well_138,,,Index_138_TARGET,AGTATCGTAC,,
Well_139,Well_139,,,Index_139_TARGET,GATACACTGA,,
Well_140,Well_140,,,Index_140_TARGET,GACTAGTCAG,,
Well_141,Well_141,,,Index_141_TARGET,GATGACTACG,,
Well_142,Well_142,,,Index_142_TARGET,CAGAGAGTCA,,
Well_143,Well_143,,,Index_143_TARGET,TCGATCGACA,,
Well_144,Well_144,,,Index_144_TARGET,ACTGATGTAG,,
Well_145,Well_145,,,Index_145_TARGET,ACTCGATAGT,,
Well_146,Well_146,,,Index_146_TARGET,GACGATCGCA,,
Well_147,Well_147,,,Index_147_TARGET,TCATCATGCG,,
Well_148,Well_148,,,Index_148_TARGET,ACATGTCTGA,,
Well_149,Well_149,,,Index_149_TARGET,AGTCATCGCA,,
Well_150,Well_150,,,Index_150_TARGET,TAGCATACAG,,
Well_151,Well_151,,,Index_151_TARGET,AGAGTCGCGT,,
Well_152,Well_152,,,Index_152_TARGET,TCTACGACAT,,
Well_153,Well_153,,,Index_153_TARGET,CACGAGATGA,,
Well_154,Well_154,,,Index_154_TARGET,ACGCACATAT,,
Well_155,Well_155,,,Index_155_TARGET,ACGTGCTCTG,,
Well_156,Well_156,,,Index_156_TARGET,ACGATCACAT,,
Well_157,Well_157,,,Index_157_TARGET,AGTGTACTCA,,
Well_158,Well_158,,,Index_158_TARGET,TGATGTATGT,,
Well_159,Well_159,,,Index_159_TARGET,GATATATGTC,,
Well_160,Well_160,,,Index_160_TARGET,TAGTACTAGA,,
Well_161,Well_161,,,Index_161_TARGET,TATAGAGATC,,
Well_162,Well_162,,,Index_162_TARGET,TCGATATCTA,,
Well_163,Well_163,,,Index_163_TARGET,TACATGATAG,,
Well_164,Well_164,,,Index_164_TARGET,TGAGATCATA,,
Well_165,Well_165,,,Index_165_TARGET,CTACATACTA,,
Well_166,Well_166,,,Index_166_TARGET,ATCAGTGTAT,,
Well_167,Well_167,,,Index_167_TARGET,ATCATATCTC,,
Well_168,Well_168,,,Index_168_TARGET,AGTAGATCAT,,
Well_169,Well_169,,,Index_169_TARGET,ACATAGTATC,,
Well_170,Well_170,,,Index_170_TARGET,ATGTATAGTC,,
Well_171,Well_171,,,Index_171_TARGET,ACAGTCATAT,,
Well_172,Well_172,,,Index_172_TARGET,ACATATACGT,,
Well_173,Well_173,,,Index_173_TARGET,AGCATCTATA,,
Well_174,Well_174,,,Index_174_TARGET,AGACTATATC,,
Well_175,Well_175,,,Index_175_TARGET,CAGCATCTAG,,
Well_176,Well_176,,,Index_176_TARGET,CGAGACGACA,,
Well_177,Well_177,,,Index_177_TARGET,ATCACTCATA,,
Well_178,Well_178,,,Index_178_TARGET,AGCTCTGTGA,,
Well_179,Well_179,,,Index_179_TARGET,ATGTCATGCT,,
Well_180,Well_180,,,Index_180_TARGET,GCTGACAGAG,,
Well_181,Well_181,,,Index_181_TARGET,ATACAGTCTC,,
Well_182,Well_182,,,Index_182_TARGET,CATAGACGTG,,
Well_183,Well_183,,,Index_183_TARGET,AGAGATATCA,,
Well_184,Well_184,,,Index_184_TARGET,ATGCTGCGCT,,
Well_185,Well_185,,,Index_185_TARGET,AGTCAGACGC,,
Well_186,Well_186,,,Index_186_TARGET,ACGATACACT,,
Well_187,Well_187,,,Index_187_TARGET,AGCGAGTATG,,
Well_188,Well_188,,,Index_188_TARGET,ATCGCTACAT,,
Well_189,Well_189,,,Index_189_TARGET,ATGCTAGAGA,,
Well_190,Well_190,,,Index_190_TARGET,AGCAGTACTC,,
Well_191,Well_191,,,Index_191_TARGET,ATCTAGATCA,,
Well_192,Well_192,,,Index_192_TARGET,ATCGCATAGA,,
Well_193,Well_193,,,Index_193_TARGET,TTGTTGCTGT,,
Well_194,Well_194,,,Index_194_TARGET,GTGTGGTTGT,,
Well_195,Well_195,,,Index_195_TARGET,TAGGTGGAAT,,
Well_196,Well_196,,,Index_196_TARGET,TGTAGGTGGA,,
Well_197,Well_197,,,Index_197_TARGET,TTAGTGGTGA,,
Well_198,Well_198,,,Index_198_TARGET,GTGAAGGTAA,,
Well_199,Well_199,,,Index_199_TARGET,TGTTGTGGTA,,
Well_200,Well_200,,,Index_200_TARGET,GTTGATGAGT,,
Well_201,Well_201,,,Index_201_TARGET,GGTCAGTGTA,,
Well_202,Well_202,,,Index_202_TARGET,GTAATGGAGT,,
Well_203,Well_203,,,Index_203_TARGET,CTCGTTATTC,,
Well_204,Well_204,,,Index_204_TARGET,GGAAGTAAGG,,
Well_205,Well_205,,,Index_205_TARGET,CGGTGTGTGT,,
Well_206,Well_206,,,Index_206_TARGET,CGTCTTCTTA,,
Well_207,Well_207,,,Index_207_TARGET,TGTGAATCTC,,
Well_208,Well_208,,,Index_208_TARGET,CTAATCGTGT,,
Well_209,Well_209,,,Index_209_TARGET,CTCTTAGTTC,,
Well_210,Well_210,,,Index_210_TARGET,GGATAGGATC,,
Well_211,Well_211,,,Index_211_TARGET,GGTGTCTTGT,,
Well_212,Well_212,,,Index_212_TARGET,GATGGTTGTA,,
Well_213,Well_213,,,Index_213_TARGET,CCTCGTTGTT,,
Well_214,Well_214,,,Index_214_TARGET,GGTTGGAGTT,,
Well_215,Well_215,,,Index_215_TARGET,TGGTGTCCGT,,
Well_216,Well_216,,,Index_216_TARGET,CGTTAGCGTA,,
Well_217,Well_217,,,Index_217_TARGET,TACTAGGATC,,
Well_218,Well_218,,,Index_218_TARGET,GTCTCAATGT,,
Well_219,Well_219,,,Index_219_TARGET,GATGAGGTAT,,
Well_220,Well_220,,,Index_220_TARGET,GGTGTTAGTG,,
Well_221,Well_221,,,Index_221_TARGET,CATTCTCTGA,,
Well_222,Well_222,,,Index_222_TARGET,CATCTGGAGT,,
Well_223,Well_223,,,Index_223_TARGET,GAATGGAAGA,,
Well_224,Well_224,,,Index_224_TARGET,GGCTGTGATC,,
Well_225,Well_225,,,Index_225_TARGET,TGGTGCTGGA,,
Well_226,Well_226,,,Index_226_TARGET,TATGGTAAGG,,
Well_227,Well_227,,,Index_227_TARGET,GTTCGATTGT,,
Well_228,Well_228,,,Index_228_TARGET,GGTAGAATGA,,
Well_229,Well_229,,,Index_229_TARGET,TTCTCATCGT,,
Well_230,Well_230,,,Index_230_TARGET,CTCAATCGTA,,
Well_231,Well_231,,,Index_231_TARGET,CGCTAATGTA,,
Well_232,Well_232,,,Index_232_TARGET,GCGTCTGAAT,,
Well_233,Well_233,,,Index_233_TARGET,TTCTGTTGCC,,
Well_234,Well_234,,,Index_234_TARGET,TTGTCCTTGC,,
Well_235,Well_235,,,Index_235_TARGET,CCTGTGTAGA,,
Well_236,Well_236,,,Index_236_TARGET,GATAAGAAGG,,
Well_237,Well_237,,,Index_237_TARGET,CAGGTCACAT,,
Well_238,Well_238,,,Index_238_TARGET,GCCATGTCAT,,
Well_239,Well_239,,,Index_239_TARGET,TCTGCCTATA,,
Well_240,Well_240,,,Index_240_TARGET,CTTAGTTCGC,,
Well_241,Well_241,,,Index_241_TARGET,CGTAATGAGC,,
Well_242,Well_242,,,Index_242_TARGET,TTGCTTAGTC,,
Well_243,Well_243,,,Index_243_TARGET,TCTTGTTCAC,,
Well_244,Well_244,,,Index_244_TARGET,GTGGCTTCGT,,
Well_245,Well_245,,,Index_245_TARGET,TGTTCGATAG,,
Well_246,Well_246,,,Index_246_TARGET,TCATTCAGTG,,
Well_247,Well_247,,,Index_247_TARGET,GTGGAGAGCT,,
Well_248,Well_248,,,Index_248_TARGET,GTAGAAGTGG,,
Well_249,Well_249,,,Index_249_TARGET,TGGAGCATGT,,
Well_250,Well_250,,,Index_250_TARGET,GAAGGAGATA,,
Well_251,Well_251,,,Index_251_TARGET,CGAATGTATG,,
Well_252,Well_252,,,Index_252_TARGET,TCGTGAATGA,,
Well_253,Well_253,,,Index_253_TARGET,GAATAGCTGA,,
Well_254,Well_254,,,Index_254_TARGET,TTGTCACATC,,
Well_255,Well_255,,,Index_255_TARGET,CTGGAGGCTA,,
Well_256,Well_256,,,Index_256_TARGET,TGTCAGCTTA,,
Well_257,Well_257,,,Index_257_TARGET,GTTCTTCGTA,,
Well_258,Well_258,,,Index_258_TARGET,TTACACGTTC,,
Well_259,Well_259,,,Index_259_TARGET,GTAGCCAGTA,,
Well_260,Well_260,,,Index_260_TARGET,TGAGAAGGTA,,
Well_261,Well_261,,,Index_261_TARGET,CCATATGATC,,
Well_262,Well_262,,,Index_262_TARGET,CGATCCTATA,,
Well_263,Well_263,,,Index_263_TARGET,TGACTAGCTT,,
Well_264,Well_264,,,Index_264_TARGET,TAACTCTGCT,,
Well_265,Well_265,,,Index_265_TARGET,TCGAATGTGC,,
Well_266,Well_266,,,Index_266_TARGET,TCGCTGAACA,,
Well_267,Well_267,,,Index_267_TARGET,GCGTTATTGC,,
Well_268,Well_268,,,Index_268_TARGET,GAACTATCAC,,
Well_269,Well_269,,,Index_269_TARGET,TCGAGGTACT,,
Well_270,Well_270,,,Index_270_TARGET,TGCGGATGGT,,
Well_271,Well_271,,,Index_271_TARGET,TTCGAGCTAT,,
Well_272,Well_272,,,Index_272_TARGET,GGTCTGGTGT,,
Well_273,Well_273,,,Index_273_TARGET,CTAAGTCATG,,
Well_274,Well_274,,,Index_274_TARGET,TTGCAGATCA,,
Well_275,Well_275,,,Index_275_TARGET,CTGCGAATGT,,
Well_276,Well_276,,,Index_276_TARGET,CTGTTCTAGC,,
Well_277,Well_277,,,Index_277_TARGET,CACTTGTGTG,,
Well_278,Well_278,,,Index_278_TARGET,TGGATGACAT,,
Well_279,Well_279,,,Index_279_TARGET,GATCCTGAGC,,
Well_280,Well_280,,,Index_280_TARGET,GTCGGTCTGA,,
Well_281,Well_281,,,Index_281_TARGET,TGTTACGATC,,
Well_282,Well_282,,,Index_282_TARGET,GTCTTGGCTC,,
Well_283,Well_283,,,Index_283_TARGET,GGTCGTGCAT,,
Well_284,Well_284,,,Index_284_TARGET,CAGGCTCAGT,,
Well_285,Well_285,,,Index_285_TARGET,TAGCTTCACT,,
Well_286,Well_286,,,Index_286_TARGET,CAGATGTCCT,,
Well_287,Well_287,,,Index_287_TARGET,TTACGCAGTG,,
Well_288,Well_288,,,Index_288_TARGET,TTCGTTCCTG,,
Well_289,Well_289,,,Index_289_TARGET,CACTGCTTGA,,
Well_290,Well_290,,,Index_290_TARGET,TCTAGCGTGG,,
Well_291,Well_291,,,Index_291_TARGET,GCATAATCGC,,
Well_292,Well_292,,,Index_292_TARGET,GTCGTAACAC,,
Well_293,Well_293,,,Index_293_TARGET,GAGATTGCTA,,
Well_294,Well_294,,,Index_294_TARGET,GGACAGATGG,,
Well_295,Well_295,,,Index_295_TARGET,CTTACGTTGC,,
Well_296,Well_296,,,Index_296_TARGET,GTGTTCGGTC,,
Well_297,Well_297,,,Index_297_TARGET,CTCAAGAAGC,,
Well_298,Well_298,,,Index_298_TARGET,TCTCGGATAG,,
Well_299,Well_299,,,Index_299_TARGET,CTCTGGACGA,,
Well_300,Well_300,,,Index_300_TARGET,CGAGCATTGT,,
Well_301,Well_301,,,Index_301_TARGET,CCAAGAAGAA,,
Well_302,Well_302,,,Index_302_TARGET,TCCTTGTTCT,,
Well_303,Well_303,,,Index_303_TARGET,GTAACGATGT,,
Well_304,Well_304,,,Index_304_TARGET,TGGACTCAGA,,
Well_305,Well_305,,,Index_305_TARGET,GGCATCATGC,,
Well_306,Well_306,,,Index_306_TARGET,GTATAACGCT,,
Well_307,Well_307,,,Index_307_TARGET,GCAGATAAGT,,
Well_308,Well_308,,,Index_308_TARGET,GTCGGCTCTA,,
Well_309,Well_309,,,Index_309_TARGET,TTCGATAGCA,,
Well_310,Well_310,,,Index_310_TARGET,GTCTAGCAGG,,
Well_311,Well_311,,,Index_311_TARGET,GGAACACAGG,,
Well_312,Well_312,,,Index_312_TARGET,TGGTTCGCTG,,
Well_313,Well_313,,,Index_313_TARGET,CACATTAGCG,,
Well_314,Well_314,,,Index_314_TARGET,GAAGCGCACT,,
Well_315,Well_315,,,Index_315_TARGET,GCATGCCAGT,,
Well_316,Well_316,,,Index_316_TARGET,GGAGACTGTA,,
Well_317,Well_317,,,Index_317_TARGET,TCGAACTGCA,,
Well_318,Well_318,,,Index_318_TARGET,GAGAGGACAT,,
Well_319,Well_319,,,Index_319_TARGET,GAGCACGGAA,,
Well_320,Well_320,,,Index_320_TARGET,GCTCTAACAT,,
Well_321,Well_321,,,Index_321_TARGET,TGCTGGCTTG,,
Well_322,Well_322,,,Index_322_TARGET,TGCATGGAGC,,
Well_323,Well_323,,,Index_323_TARGET,GTACTAAGAG,,
Well_324,Well_324,,,Index_324_TARGET,GAAGTCAAGC,,
Well_325,Well_325,,,Index_325_TARGET,GCGCATTATG,,
Well_326,Well_326,,,Index_326_TARGET,GTCCAGACAT,,
Well_327,Well_327,,,Index_327_TARGET,GAGACCTCTA,,
Well_328,Well_328,,,Index_328_TARGET,TTGCACTCAG,,
Well_329,Well_329,,,Index_329_TARGET,TGCGGCGATA,,
Well_330,Well_330,,,Index_330_TARGET,AGTTGCTAGT,,
Well_331,Well_331,,,Index_331_TARGET,AGGATTGAGG,,
Well_332,Well_332,,,Index_332_TARGET,CCAGAACAGA,,
Well_333,Well_333,,,Index_333_TARGET,CGTCAAGCAT,,
Well_334,Well_334,,,Index_334_TARGET,TTGTCGAGAC,,
Well_335,Well_335,,,Index_335_TARGET,GACAGGTGAC,,
Well_336,Well_336,,,Index_336_TARGET,CTGACAAGTG,,
Well_337,Well_337,,,Index_337_TARGET,CACGAAGAGC,,
Well_338,Well_338,,,Index_338_TARGET,CATACCTGAT,,
Well_339,Well_339,,,Index_339_TARGET,GACGTGCTTC,,
Well_340,Well_340,,,Index_340_TARGET,ATTGTGGAGT,,
Well_341,Well_341,,,Index_341_TARGET,TCTGGTCTCA,,
Well_342,Well_342,,,Index_342_TARGET,AGGTAAGAGG,,
Well_343,Well_343,,,Index_343_TARGET,TCCTGACAGA,,
Well_344,Well_344,,,Index_344_TARGET,GCACTGTTGC,,
Well_345,Well_345,,,Index_345_TARGET,ACCATGAGTC,,
Well_346,Well_346,,,Index_346_TARGET,AATGCAGTGT,,
Well_347,Well_347,,,Index_347_TARGET,ATATGGTGGA,,
Well_348,Well_348,,,Index_348_TARGET,ACTCAGTTAC,,
Well_349,Well_349,,,Index_349_TARGET,AAGTGCGATG,,
Well_350,Well_350,,,Index_350_TARGET,CCACAGAGTG,,
Well_351,Well_351,,,Index_351_TARGET,AGTGGTGATC,,
Well_352,Well_352,,,Index_352_TARGET,ACTTCTTAGC,,
Well_353,Well_353,,,Index_353_TARGET,GCCACATATA,,
Well_354,Well_354,,,Index_354_TARGET,ACGCAGGAGT,,
Well_355,Well_355,,,Index_355_TARGET,AATATGCTGC,,
Well_356,Well_356,,,Index_356_TARGET,AAGCGTAGAA,,
Well_357,Well_357,,,Index_357_TARGET,GACAGCAAGC,,
Well_358,Well_358,,,Index_358_TARGET,CTGACCGAGA,,
Well_359,Well_359,,,Index_359_TARGET,CGCGACTTGT,,
Well_360,Well_360,,,Index_360_TARGET,CATCAACATG,,
Well_361,Well_361,,,Index_361_TARGET,TGGCTACGCT,,
Well_362,Well_362,,,Index_362_TARGET,ACGCGGACTA,,
Well_363,Well_363,,,Index_363_TARGET,AGAGGTCGGA,,
Well_364,Well_364,,,Index_364_TARGET,AATCGAGCGT,,
Well_365,Well_365,,,Index_365_TARGET,AAGTACACTC,,
Well_366,Well_366,,,Index_366_TARGET,AGCTGAATGA,,
Well_367,Well_367,,,Index_367_TARGET,ATGCCTATCA,,
Well_368,Well_368,,,Index_368_TARGET,ACTGTAGGAC,,
Well_369,Well_369,,,Index_369_TARGET,ATAGCCGTGT,,
Well_370,Well_370,,,Index_370_TARGET,TCACGACGAA,,
Well_371,Well_371,,,Index_371_TARGET,ATCTGTCCAT,,
Well_372,Well_372,,,Index_372_TARGET,ACTTAGAGAG,,
Well_373,Well_373,,,Index_373_TARGET,AGTGGCAGGT,,
Well_374,Well_374,,,Index_374_TARGET,ATGAGGTCGT,,
Well_375,Well_375,,,Index_375_TARGET,AGGAGAAGGA,,
Well_376,Well_376,,,Index_376_TARGET,ACAACTGCAA,,
Well_377,Well_377,,,Index_377_TARGET,ATTAGCGAGT,,
Well_378,Well_378,,,Index_378_TARGET,ACAACGAACA,,
Well_379,Well_379,,,Index_379_TARGET,AGAGCGCCAA,,
Well_380,Well_380,,,Index_380_TARGET,AGGTAGCTCA,,
Well_381,Well_381,,,Index_381_TARGET,AACGCCAAGA,,
Well_382,Well_382,,,Index_382_TARGET,AAGGTATGAG,,
Well_383,Well_383,,,Index_383_TARGET,ATGGAGCACT,,
Well_384,Well_384,,,Index_384_TARGET,ACGGTGCTAG,,
